epoch,time,train/box_loss,train/seg_loss,train/cls_loss,train/dfl_loss,metrics/precision(B),metrics/recall(B),metrics/mAP50(B),metrics/mAP50-95(B),metrics/precision(M),metrics/recall(M),metrics/mAP50(M),metrics/mAP50-95(M),val/box_loss,val/seg_loss,val/cls_loss,val/dfl_loss,lr/pg0,lr/pg1,lr/pg2
1,10.7325,0.19146,0.21616,0.18318,0.78479,0.98802,0.9841,0.99013,0.98781,0.98802,0.9841,0.99013,0.89352,0.1613,0.20235,0.16374,0.77045,0.031345,0.000345,0.000345
2,21.011,0.18612,0.20375,0.17209,0.78492,0.99344,0.99048,0.99114,0.9882,0.99344,0.99048,0.99114,0.89645,0.17632,0.20148,0.16761,0.77643,0.000499878,0.000499878,0.000499878
3,30.4675,0.1898,0.20534,0.16987,0.78507,0.99244,0.98882,0.99214,0.98809,0.99244,0.98882,0.99214,0.89911,0.1655,0.19206,0.16366,0.7732,0.000499512,0.000499512,0.000499512
4,39.4854,0.18465,0.20101,0.17226,0.7802,0.98936,0.98571,0.99152,0.98865,0.98936,0.98571,0.99152,0.90155,0.16958,0.19638,0.16339,0.77385,0.000498902,0.000498902,0.000498902
5,48.6331,0.18773,0.19695,0.1705,0.78065,0.98679,0.9886,0.99148,0.9878,0.98679,0.9886,0.99148,0.90476,0.17541,0.20286,0.17263,0.7728,0.000498048,0.000498048,0.000498048
6,57.7358,0.18929,0.20563,0.17382,0.78444,0.99405,0.98571,0.99176,0.98805,0.99405,0.98571,0.99176,0.9031,0.17307,0.20022,0.17385,0.77296,0.000496953,0.000496953,0.000496953
7,66.7402,0.18874,0.19787,0.17095,0.78113,0.98996,0.99048,0.9931,0.98891,0.98996,0.99048,0.9931,0.90122,0.17252,0.208,0.17116,0.77176,0.000495616,0.000495616,0.000495616
8,75.8477,0.18947,0.197,0.17511,0.78658,0.99418,0.98571,0.99148,0.98783,0.99418,0.98571,0.99148,0.89238,0.1704,0.21109,0.16724,0.77447,0.000494039,0.000494039,0.000494039
9,84.9189,0.1858,0.20199,0.16788,0.78016,0.98483,0.99048,0.9931,0.98932,0.98483,0.99048,0.9931,0.90538,0.1687,0.19613,0.16777,0.7727,0.000492224,0.000492224,0.000492224
10,94.0013,0.1818,0.19815,0.16994,0.78118,0.98427,0.99048,0.99214,0.98995,0.98427,0.99048,0.99214,0.90698,0.1687,0.19421,0.1692,0.77111,0.000490173,0.000490173,0.000490173
11,103.144,0.18492,0.2018,0.16622,0.78134,0.98984,0.99048,0.99481,0.99072,0.98984,0.99048,0.99481,0.90553,0.16723,0.19778,0.16079,0.77432,0.000487886,0.000487886,0.000487886
12,112.301,0.18349,0.20162,0.16503,0.77565,0.99485,0.98425,0.99367,0.9902,0.99485,0.98425,0.99367,0.90446,0.17772,0.18851,0.16866,0.77723,0.000485368,0.000485368,0.000485368
13,121.424,0.18088,0.19617,0.16522,0.78158,0.98708,0.99048,0.99119,0.98712,0.98708,0.99048,0.99119,0.90598,0.16891,0.19372,0.16492,0.7743,0.00048262,0.00048262,0.00048262
14,130.54,0.17968,0.1949,0.16337,0.77317,0.98445,0.99038,0.99314,0.98959,0.98445,0.99038,0.99314,0.8988,0.16999,0.19955,0.16661,0.77419,0.000479644,0.000479644,0.000479644
15,139.626,0.18251,0.20253,0.16495,0.77813,0.98619,0.99048,0.99286,0.98776,0.98619,0.99048,0.99286,0.90061,0.17212,0.20505,0.16835,0.77873,0.000476445,0.000476445,0.000476445
16,148.648,0.18367,0.19787,0.16782,0.779,0.98589,0.97899,0.99424,0.99,0.98589,0.97899,0.99424,0.90338,0.17437,0.20759,0.19643,0.77833,0.000473024,0.000473024,0.000473024
17,157.656,0.18646,0.19531,0.17213,0.78159,0.99013,0.98385,0.99352,0.98957,0.99013,0.98385,0.99352,0.90541,0.1781,0.197,0.18572,0.77313,0.000469386,0.000469386,0.000469386
18,166.719,0.1811,0.20166,0.16781,0.77844,0.99321,0.98401,0.9931,0.98953,0.99321,0.98401,0.9931,0.90319,0.17284,0.19629,0.17463,0.77407,0.000465534,0.000465534,0.000465534
19,175.895,0.1812,0.20024,0.16258,0.77617,0.99331,0.98444,0.99362,0.99051,0.99331,0.98444,0.99362,0.90593,0.16682,0.19612,0.16829,0.7732,0.000461471,0.000461471,0.000461471
20,185.021,0.17832,0.19385,0.16078,0.77839,0.99388,0.98571,0.99276,0.98848,0.99388,0.98571,0.99276,0.90909,0.17133,0.20255,0.16934,0.77207,0.000457202,0.000457202,0.000457202
21,194.077,0.17989,0.19632,0.16038,0.78083,0.99075,0.98571,0.99376,0.99003,0.99075,0.98571,0.99376,0.91209,0.16447,0.19917,0.15776,0.7729,0.000452732,0.000452732,0.000452732
22,203.197,0.17672,0.2002,0.15754,0.78002,0.99356,0.98571,0.99291,0.9911,0.99356,0.98571,0.99291,0.90647,0.16979,0.19581,0.16438,0.77358,0.000448063,0.000448063,0.000448063
23,212.223,0.17632,0.19529,0.15814,0.7736,0.9913,0.98571,0.99229,0.99051,0.9913,0.98571,0.99229,0.91034,0.16747,0.18966,0.16506,0.77472,0.000443202,0.000443202,0.000443202
24,221.308,0.17621,0.20151,0.1578,0.77897,0.98849,0.98571,0.99209,0.98931,0.98849,0.98571,0.99199,0.9055,0.16802,0.19071,0.16656,0.77669,0.000438152,0.000438152,0.000438152
25,230.412,0.17247,0.19181,0.15674,0.77149,0.99485,0.98295,0.99205,0.98978,0.99485,0.98295,0.99205,0.90491,0.16059,0.19418,0.1608,0.77674,0.00043292,0.00043292,0.00043292
26,239.563,0.17256,0.19407,0.15737,0.77281,0.989,0.99048,0.99181,0.98899,0.989,0.99048,0.99181,0.90603,0.16567,0.19631,0.16779,0.77882,0.000427509,0.000427509,0.000427509
27,248.779,0.1734,0.19169,0.15581,0.77584,0.98067,0.98662,0.99243,0.98989,0.98067,0.98662,0.99243,0.9062,0.1598,0.19544,0.16599,0.77479,0.000421925,0.000421925,0.000421925
28,257.957,0.17257,0.188,0.1568,0.77536,0.9769,0.99367,0.99209,0.98802,0.98533,0.98046,0.99205,0.90562,0.16666,0.19325,0.16893,0.77506,0.000416175,0.000416175,0.000416175
29,267.009,0.17044,0.19295,0.15367,0.77344,0.97664,0.99386,0.99262,0.98903,0.98983,0.98095,0.99262,0.91296,0.16452,0.19374,0.16753,0.77288,0.000410262,0.000410262,0.000410262
30,276.183,0.17281,0.19619,0.15441,0.77888,0.98942,0.98571,0.99324,0.99214,0.98942,0.98571,0.99324,0.90168,0.16053,0.19855,0.16749,0.77348,0.000404194,0.000404194,0.000404194
31,285.256,0.17197,0.19071,0.15439,0.77536,0.99474,0.98477,0.99395,0.99002,0.99474,0.98477,0.99395,0.91295,0.15889,0.19275,0.16098,0.7722,0.000397977,0.000397977,0.000397977
32,294.367,0.17268,0.20128,0.15337,0.77724,0.99282,0.98485,0.99395,0.98997,0.99282,0.98485,0.99395,0.91341,0.15604,0.19192,0.15429,0.77081,0.000391616,0.000391616,0.000391616
33,303.489,0.1691,0.19078,0.1546,0.77341,0.98886,0.99048,0.99419,0.9909,0.98886,0.99048,0.99419,0.9113,0.16316,0.18915,0.15881,0.77443,0.000385117,0.000385117,0.000385117
34,312.522,0.1665,0.19199,0.15091,0.77256,0.97783,0.99475,0.99257,0.98686,0.98519,0.98571,0.99257,0.9085,0.17071,0.19259,0.16594,0.77644,0.000378488,0.000378488,0.000378488
35,321.553,0.16652,0.18616,0.15044,0.77143,0.97845,0.99524,0.99181,0.9894,0.98738,0.98571,0.99181,0.91095,0.15961,0.18966,0.15912,0.77244,0.000371734,0.000371734,0.000371734
36,330.658,0.1647,0.18835,0.14725,0.771,0.99184,0.98571,0.99338,0.99072,0.99184,0.98571,0.99338,0.91352,0.15906,0.19061,0.14793,0.7733,0.000364863,0.000364863,0.000364863
37,339.83,0.16735,0.19093,0.15156,0.77454,0.99164,0.98571,0.99319,0.98979,0.99164,0.98571,0.99319,0.91388,0.16429,0.19424,0.15347,0.77471,0.00035788,0.00035788,0.00035788
38,348.929,0.16434,0.18645,0.14879,0.77388,0.99181,0.98571,0.99367,0.9896,0.99181,0.98571,0.99367,0.91176,0.16041,0.19066,0.15297,0.7756,0.000350794,0.000350794,0.000350794
39,357.996,0.16468,0.18895,0.14861,0.77481,0.99307,0.98571,0.99267,0.98959,0.99307,0.98571,0.99267,0.91162,0.15792,0.1903,0.16035,0.77488,0.000343611,0.000343611,0.000343611
40,367.095,0.16477,0.18811,0.148,0.77241,0.99387,0.98554,0.99257,0.99047,0.99387,0.98554,0.99253,0.90922,0.15794,0.191,0.15183,0.77372,0.000336338,0.000336338,0.000336338
41,376.194,0.16146,0.1922,0.14634,0.76774,0.99245,0.98571,0.9931,0.9907,0.99245,0.98571,0.9931,0.91122,0.15642,0.19442,0.15562,0.77782,0.000328982,0.000328982,0.000328982
42,385.341,0.16537,0.1933,0.14608,0.77199,0.99267,0.98571,0.99357,0.99031,0.99267,0.98571,0.99357,0.90991,0.1554,0.19364,0.15119,0.77589,0.00032155,0.00032155,0.00032155
43,394.434,0.16125,0.18953,0.1464,0.76913,0.99337,0.98571,0.9941,0.99136,0.99337,0.98571,0.9941,0.91163,0.15739,0.19476,0.15427,0.77141,0.000314051,0.000314051,0.000314051
44,403.53,0.16341,0.19356,0.14573,0.769,0.99279,0.98571,0.99405,0.99168,0.99279,0.98571,0.99405,0.91076,0.1582,0.19182,0.14887,0.7698,0.00030649,0.00030649,0.00030649
45,412.64,0.16044,0.19465,0.14289,0.76964,0.98437,0.986,0.99367,0.99058,0.98449,0.98571,0.99358,0.9057,0.15915,0.19691,0.14781,0.77042,0.000298877,0.000298877,0.000298877
46,421.791,0.16223,0.19351,0.14622,0.77746,0.97775,0.99524,0.99386,0.99075,0.99384,0.98095,0.99381,0.90851,0.1573,0.19083,0.14688,0.76972,0.000291218,0.000291218,0.000291218
47,430.957,0.16045,0.18611,0.14534,0.77843,0.99435,0.98095,0.99257,0.99006,0.99435,0.98095,0.99257,0.90812,0.15631,0.19488,0.15572,0.77015,0.00028352,0.00028352,0.00028352
48,439.989,0.16047,0.18466,0.14361,0.77121,0.99462,0.98484,0.99353,0.99163,0.99462,0.98484,0.99353,0.90833,0.15528,0.19617,0.15262,0.77167,0.000275792,0.000275792,0.000275792
49,449.073,0.15823,0.18785,0.14238,0.77351,0.98176,0.99469,0.99372,0.99112,0.99148,0.98571,0.99372,0.91002,0.15738,0.19737,0.14559,0.7706,0.000268041,0.000268041,0.000268041
50,458.115,0.15965,0.19137,0.14265,0.77197,0.9925,0.98571,0.99395,0.99221,0.9925,0.98571,0.99395,0.9078,0.15169,0.19404,0.15026,0.77304,0.000260274,0.000260274,0.000260274
51,467.186,0.15555,0.18771,0.14294,0.77116,0.99413,0.98571,0.99405,0.99179,0.99413,0.98571,0.99405,0.90881,0.15192,0.19592,0.14625,0.77187,0.0002525,0.0002525,0.0002525
